game_id,datetime,Video
c1f78ae9-a3cd-4924-9192-f115d5cc7048,2024-04-29 02:08:19.484,https://youtu.be/7oGcIUPkbsc?t=522
e4f7496f-0145-4e57-9380-9f8beba27842,2024-04-29 00:49:11.447,https://youtu.be/2s5U415sbEQ?t=995
950007b5-1f27-4f5c-864d-34f5c97f2d28,2024-04-28 23:48:06.586,https://youtu.be/ATWVWUG_Lms?t=419
4a956e9a-4ace-4e0f-bc28-dba83e6d39ee,2024-04-23 23:21:49.487,https://youtu.be/ECz4Nt6VSq8?t=489
c8176308-5a4f-4204-af0b-50c2580f75f9,2024-04-23 22:12:12.615,https://youtu.be/y3vwjjsYpmE?t=409
5fb2e9c9-9e94-4fdf-b659-0f38a19194d0,2024-04-23 20:50:23.231,https://youtu.be/bcQOvN_OW7E?t=2340
9797405a-1b2e-4611-adfb-a69977b8fda2,2024-04-21 22:00:54.824,https://youtu.be/b3Z-2Q046ao?t=607
6b795f8e-08f4-4daa-8be3-ea21412f0d16,2024-04-21 20:50:15.497,https://youtu.be/RoZlm9IdHqk?t=2304
7ef84712-fbc8-4e9b-8436-e69629f7b927,2024-04-07 22:08:44.080,https://youtu.be/8ito8oRp2iA?t=2325
64bada08-53f0-4286-875f-751e353422a0,2024-04-07 20:50:23.848,https://youtu.be/vN8w-VjGxYE?t=450
6f3c0925-830c-4cc1-915b-3fb920e3e9da,2024-03-02 23:56:52.698,https://youtu.be/zuvlytASzzw?t=2276
7381afa9-2335-4117-9e0b-7f387dc99c9d,2024-03-02 23:00:55.902,https://youtu.be/FDTypDPLypo?t=421
c294d48d-0fde-430b-a6f6-2ef6c5e49e5e,2024-03-02 21:52:31.640,https://youtu.be/O9N1CEaFkPE?t=492
9eb96458-82f2-4a25-b53c-c9bee13df754,2024-02-24 23:21:41.500,https://youtu.be/WXREXmj7CJg?t=2283
ee26c8b3-ad6a-4b4b-a8c2-cb856fec87be,2024-02-24 21:51:37.786,https://youtu.be/aAABCcx62xU?t=475
